"filename", "language", "JSON with Comments", "Markdown", "TypeScript", "JSON", "CSS", "vue", "HTML", "XML", "comment", "blank", "total"
"e:\Python\PythonFile\guidelight\GuideLight-for-Vision-Impaired\static\guidelight_front\README.md", "Markdown", 0, 3, 0, 0, 0, 0, 0, 0, 0, 3, 6
"e:\Python\PythonFile\guidelight\GuideLight-for-Vision-Impaired\static\guidelight_front\README_INTEGRATED_MONITORING.md", "Markdown", 0, 180, 0, 0, 0, 0, 0, 0, 0, 43, 223
"e:\Python\PythonFile\guidelight\GuideLight-for-Vision-Impaired\static\guidelight_front\index.html", "HTML", 0, 0, 0, 0, 0, 0, 19, 0, 1, 1, 21
"e:\Python\PythonFile\guidelight\GuideLight-for-Vision-Impaired\static\guidelight_front\package-lock.json", "JSON", 0, 0, 0, 1394, 0, 0, 0, 0, 0, 1, 1395
"e:\Python\PythonFile\guidelight\GuideLight-for-Vision-Impaired\static\guidelight_front\package.json", "JSON", 0, 0, 0, 24, 0, 0, 0, 0, 0, 1, 25
"e:\Python\PythonFile\guidelight\GuideLight-for-Vision-Impaired\static\guidelight_front\public\vite.svg", "XML", 0, 0, 0, 0, 0, 0, 0, 1, 0, 0, 1
"e:\Python\PythonFile\guidelight\GuideLight-for-Vision-Impaired\static\guidelight_front\src\App.vue", "vue", 0, 0, 0, 0, 0, 160, 0, 0, 4, 21, 185
"e:\Python\PythonFile\guidelight\GuideLight-for-Vision-Impaired\static\guidelight_front\src\api\index.ts", "TypeScript", 0, 0, 196, 0, 0, 0, 0, 0, 23, 51, 270
"e:\Python\PythonFile\guidelight\GuideLight-for-Vision-Impaired\static\guidelight_front\src\assets\vue.svg", "XML", 0, 0, 0, 0, 0, 0, 0, 1, 0, 0, 1
"e:\Python\PythonFile\guidelight\GuideLight-for-Vision-Impaired\static\guidelight_front\src\components\BEVCanvas.vue", "vue", 0, 0, 0, 0, 0, 282, 0, 0, 0, 65, 347
"e:\Python\PythonFile\guidelight\GuideLight-for-Vision-Impaired\static\guidelight_front\src\components\HelloWorld.vue", "vue", 0, 0, 0, 0, 0, 35, 0, 0, 0, 7, 42
"e:\Python\PythonFile\guidelight\GuideLight-for-Vision-Impaired\static\guidelight_front\src\config\index.ts", "TypeScript", 0, 0, 14, 0, 0, 0, 0, 0, 5, 3, 22
"e:\Python\PythonFile\guidelight\GuideLight-for-Vision-Impaired\static\guidelight_front\src\main.ts", "TypeScript", 0, 0, 17, 0, 0, 0, 0, 0, 4, 5, 26
"e:\Python\PythonFile\guidelight\GuideLight-for-Vision-Impaired\static\guidelight_front\src\router\index.ts", "TypeScript", 0, 0, 110, 0, 0, 0, 0, 0, 7, 7, 124
"e:\Python\PythonFile\guidelight\GuideLight-for-Vision-Impaired\static\guidelight_front\src\style.css", "CSS", 0, 0, 0, 0, 70, 0, 0, 0, 0, 10, 80
"e:\Python\PythonFile\guidelight\GuideLight-for-Vision-Impaired\static\guidelight_front\src\styles\index.css", "CSS", 0, 0, 0, 0, 83, 0, 0, 0, 8, 19, 110
"e:\Python\PythonFile\guidelight\GuideLight-for-Vision-Impaired\static\guidelight_front\src\types\shims-vue.d.ts", "TypeScript", 0, 0, 25, 0, 0, 0, 0, 0, 1, 3, 29
"e:\Python\PythonFile\guidelight\GuideLight-for-Vision-Impaired\static\guidelight_front\src\types\vite-env.d.ts", "TypeScript", 0, 0, 10, 0, 0, 0, 0, 0, 2, 2, 14
"e:\Python\PythonFile\guidelight\GuideLight-for-Vision-Impaired\static\guidelight_front\src\utils\audioProcessor.ts", "TypeScript", 0, 0, 355, 0, 0, 0, 0, 0, 104, 93, 552
"e:\Python\PythonFile\guidelight\GuideLight-for-Vision-Impaired\static\guidelight_front\src\views\Dashboard.vue", "vue", 0, 0, 0, 0, 0, 228, 0, 0, 1, 34, 263
"e:\Python\PythonFile\guidelight\GuideLight-for-Vision-Impaired\static\guidelight_front\src\views\IntegratedMonitoring.vue", "vue", 0, 0, 0, 0, 0, 2472, 0, 0, 19, 367, 2858
"e:\Python\PythonFile\guidelight\GuideLight-for-Vision-Impaired\static\guidelight_front\src\views\Introduction.vue", "vue", 0, 0, 0, 0, 0, 425, 0, 0, 6, 62, 493
"e:\Python\PythonFile\guidelight\GuideLight-for-Vision-Impaired\static\guidelight_front\src\views\Location.vue", "vue", 0, 0, 0, 0, 0, 706, 0, 0, 9, 100, 815
"e:\Python\PythonFile\guidelight\GuideLight-for-Vision-Impaired\static\guidelight_front\src\views\Login.vue", "vue", 0, 0, 0, 0, 0, 277, 0, 0, 2, 33, 312
"e:\Python\PythonFile\guidelight\GuideLight-for-Vision-Impaired\static\guidelight_front\src\views\NotFound.vue", "vue", 0, 0, 0, 0, 0, 45, 0, 0, 0, 8, 53
"e:\Python\PythonFile\guidelight\GuideLight-for-Vision-Impaired\static\guidelight_front\src\views\SystemSettings.vue", "vue", 0, 0, 0, 0, 0, 73, 0, 0, 0, 12, 85
"e:\Python\PythonFile\guidelight\GuideLight-for-Vision-Impaired\static\guidelight_front\src\views\VideoMonitor.vue", "vue", 0, 0, 0, 0, 0, 375, 0, 0, 2, 54, 431
"e:\Python\PythonFile\guidelight\GuideLight-for-Vision-Impaired\static\guidelight_front\src\views\VoiceNavigation.vue", "vue", 0, 0, 0, 0, 0, 479, 0, 0, 1, 98, 578
"e:\Python\PythonFile\guidelight\GuideLight-for-Vision-Impaired\static\guidelight_front\src\vite-env.d.ts", "TypeScript", 0, 0, 0, 0, 0, 0, 0, 0, 1, 1, 2
"e:\Python\PythonFile\guidelight\GuideLight-for-Vision-Impaired\static\guidelight_front\tsconfig.app.json", "JSON", 0, 0, 0, 12, 0, 0, 0, 0, 1, 2, 15
"e:\Python\PythonFile\guidelight\GuideLight-for-Vision-Impaired\static\guidelight_front\tsconfig.json", "JSON with Comments", 8, 0, 0, 0, 0, 0, 0, 0, 0, 1, 9
"e:\Python\PythonFile\guidelight\GuideLight-for-Vision-Impaired\static\guidelight_front\tsconfig.node.json", "JSON", 0, 0, 0, 20, 0, 0, 0, 0, 2, 3, 25
"e:\Python\PythonFile\guidelight\GuideLight-for-Vision-Impaired\static\guidelight_front\vite.config.ts", "TypeScript", 0, 0, 58, 0, 0, 0, 0, 0, 5, 2, 65
"Total", "-", 8, 183, 785, 1450, 153, 5557, 19, 2, 208, 1112, 9477